INPUT:text	INPUT:text_id	GOLDEN:is_correct	HINT:text
En parade nuptiale, le mâle, la huppe hérissée, les ailes légèrement abaissées et la queue partiellement ouverte, poursuit la femelle et se place latéralement à elle pour mettre en valeur son croupion doré et surtout lui montrer sa collerette alors largement déployée.Il peut ouvrir sa collerette entièrement mais, en situation de parade latérale, il déploie souvent seulement la partie située du côté de la femelle. Par ailleurs, il peut aussi orienter sa queue latéralement vers la femelle. Cette démonstration fait habituellement fuir la poule mais il revient aussitôt à la charge et tente de lui couper toute retraite pour exhiber à nouveau sa collerette qu’il fait crisser en la déployant, tout en lançant un sifflement aigu « tsitt-tsitt ».Si elle s’enfuit à nouveau, il lui emboîte aussitôt le pas, exécute des bonds, fait plusieurs fois le tour d’elle, la harcèle et se pavane devant elle, n’hésitant pas à s’approcher de très près pour lui exposer à nouveau son collier de plumes déployé comme un éventail. Cette exhibition offre alors le spectacle impressionnant de l’œil du mâle, entouré, au-dessus, de la huppe dorée et, au-dessous, des cercles concentriques noirs et jaunes, fixant la poule avec intensité. De temps à autre, le mâle tente de poser une patte sur le dos de la femelle qui peut accepter la copulation en adoptant la position d’invitation à l’accouplement. Plusieurs mâles peuvent se joindre à cette parade, chacun cherchant à attirer l’attention de la femelle en exhibant sa collerette et ses autres attributs colorés. En parade d’intimidation, deux mâles marchent nerveusement côte à côte, dévoilent leur croupion doré et se défient mutuellement en exhibant leur collerette entièrement ouverte ou seulement du côté du rival. Cette attitude provocante peut dégénérer en combat qui consiste en sauts, face à face, le corps à la verticale, tout en essayant d’asséner des coups de griffes et d’ergots à l’adversaire.	4401	yes	Tout va bien ici.
Le faisan vénéré vit généralement en groupes comptant, dans 87 % des cas, deux à cinq faisans, mais des compagnies plus nombreuses, jusqu’à 13 oiseaux, ont été observées. Cette agrégation a été particulièrement bien étudiée par Sun et Zhang (2003) dans la réserve de Dongzhai. Ces groupes peuvent soit être composés d’oiseaux du même sexe soit, plus rarement, d’oiseaux de sexes différents. La majorité des groupes mixtes ne comprennent qu’un seul mâle avec plusieurs femelles (62 % des cas). Dans 64 % des cas, les groupes de mâles ne comprennent que deux mâles et dans la quasi-totalité des cas ceux de femelles trois ou quatre oiseaux. La structure des groupes change suivant les saisons, les adultes quittant le groupe au moment de la reproduction, et les rejoignant après cette période.	4416	yes	Tout va bien ici.
En matière de mesures de conservation, il serait souhaitable d’accorder le statut de zone protégée aux sites occupés par le faisan d’Elliot et de recenser annuellement ses populations. Il serait, en outre, important de mener une étude approfondie afin de déterminer ses exigences écologiques dans les différents types de forêts fréquentés. La législation chinoise devrait aussi être renforcée pour éviter le braconnage et le bûcheronnage illégal dans les zones protégées. Le Pheasant Specialist Group recommande aussi que la population captive soit gérée de façon optimale afin de maintenir une certaine diversité génétique.	4378	yes	Tout va bien ici.
Nina Janos est soulagée lorsque, rentrant prématurément d'une soirée costumée chez des amis, elle trouve un clown égorgé dans sa bibliothèque : elle pense être débarrassée de son mari, qu'elle qualifie de parfait salaud, et qui était censé être à Los Angeles pour ses affaires. Mais au démaquillage, il apparaît que la victime n'est que le bras droit de Ludovic Janos, Alton Chase. D’ailleurs, le mari - qui qualifie son épouse de nymphomane - est rentré chez lui bien vivant, au grand désespoir de l'éphémère veuve, qui avoue ne l'avoir épousé que pour son argent. Chez les amis, où la fête continue, Al Wheeler découvre qu'il y avait bien un clown au début de la soirée, et peut-être même deux. Dans un milieu où l'on mélange argent, alcool, sexe et haine, Ludovic Janos apparaît comme l'homme à abattre, celui que tout le monde jalouse et déteste. Mais ce n'est pas lui qui est mort...	4360	yes	Tout va bien ici.
Cette espèce est supposée polygame, mais Severinghaus (1977) pense qu’elle pourrait être monogame. D’après Bridgman et al. (1997), il semble que le territoire de la femelle soit plus vaste que celui du mâle (13,7 ha contre 7,4 ha) et qu’il varie selon la saison : il est plus grand en automne (8,8 ha) et au printemps (13,1 ha) et plus petit en hiver (1,6 ha). Bien qu’il s’agisse d’une espèce plutôt silencieuse, le mâle émet un doux gloussement « chap-chap-chap » suivi d’un sifflement aigu en période de reproduction. La femelle émet un doux « claaack » comme cri de contact ou de ralliement pour ses poussins.	4409	yes	Tout va bien ici.
D'abord baptise F-Zero 64, le jeu a ete revele par le magazine Famitsu a la mi-1997. Plusieurs programmeurs de Wave Race 64, dont le programmeur principal, ont fait partie de l'equipe de developpement de F-Zero X,. Le public a pu tester le titre pour la premiere fois au Nintendo Space World de novembre 1997,. D'apres GameSpot, F-Zero X est devenu le premier jeu de course a fonctionner a 60 images par seconde, avec jusqu'a 30 vehicules a l'ecran. Cependant, pour garantir cette fluidite, Nintendo a du sacrifier le nombre de polygones par vehicule, la qualite des textures et le detail des circuits. La sortie nord-americaine de F-Zero X a ete retardee de trois mois en raison de la politique de Nintendo of America qui etait d'espacer uniformement les sorties de jeux Nintendo. Le titre etait concu pour etre compatible avec le Nintendo 64DD, mais cette fonctionnalite ne fut pas exploitee en dehors du Japon a cause de l'echec commercial du 64DD.	40	yes	Tout va bien ici.
La chanson suit un immigrant irlandais à la veille de Noël. Il rêve à des vacances passées pendant son sommeil dans une cellule de dégrisement de New York. Quand un vieil homme entre lui aussi en état d'ébriété dans la cellule en chantant un extrait de la ballade irlandaise The Rare Old Moutain Dew, le narrateur (MacGowan) commence à rêver du personnage féminin de la chanson. Le reste de la chanson (qui peut être un monologue intérieur) prend la forme d'un échange entre le couple, leurs espoirs de jeunesse brisés par l'alcoolisme et la toxicomanie.	4287	yes	Tout va bien ici.
Wu (1994), lors d’une étude de terrain dans la Kuan Kuo Shi Nature Reserve, dans la province du Koueitchéou (centre-sud de la Chine), rapporte la découverte de 11 nids dont la ponte varie de cinq à sept œufs couvés par les femelles seules pendant 23 jours. Les mâles étaient habituellement appariés à deux femelles.Liang et al. (2002), dans une intéressante étude par radio-émetteurs, dans la réserve de Kuankuoshui (province de Guizhou), ont montré que les femelles quittaient très peu leur nid durant les 23 jours d’incubation ; une seule fois pour deux des femelles marquées. Les femelles couvant n’étaient pas du tout farouches ; les auteurs citent même le cas de poules qu’ils ont touchées durant la couvaison, sans que celles-ci ne s’envolent ou quittent même le nid, et qu’il fallait déplacer à la main puis remettre dans le nid à fin de vérification des œufs. Aucun mâle ne se trouvait dans le voisinage immédiat du nid.	4402	yes	Tout va bien ici.
Elle est remarquable. Le mâle choisit une petite clairière du sous-bois pour y aménager une arène. À l’approche d’une femelle, il évolue lentement autour d’elle, caroncules et queue partiellement déployées tout en émettant de petits cris. Puis il déploie sa queue non pas en roue frontale comme chez le paon mais en un disque presque circulaire étroit et dressé dans l’axe du corps, les rectrices supérieures venant toucher le haut du dos. Cet éventail blanc, composé de près de 32 rectrices (le plus grand nombre chez les faisans), contraste alors violemment avec le noir bleuté du corps. Simultanément, il étale considérablement ses caroncules bleues qui s’allongent en haut et en bas en une sorte de double faucille. Au paroxysme de la parade, toute la face est masquée de bleu. Les rectrices externes terminées en brins nus touchent le sol de sorte qu’en se déplaçant parmi les feuilles sèches, le mâle produit un bruissement caractéristique, des feuilles restant même parfois empalées dans ces plumes filiformes. Ainsi paré, il se pavane en marchant lentement, la tête baissée, puis se fige, brusquement agité d’une secousse à l’approche d’une femelle. L’intensité de la parade semble liée à la proximité de la femelle car on assiste alors à un relâchement de l’érection des lobes supérieurs, reposant flasques sur la nuque lorsque la femelle s’éloigne.	4379	yes	Tout va bien ici.
De forme oblongue, Fais est un atoll surélevé, une plate-forme de carbonates poreuse d'une superficie de 2,8 km2 et d'une altitude maximale de 20 m, qui a peut-être émergé il y a 20 millions d'années,,. Un récif frangeant fait le tour d'environ les deux tiers de l'île et délimite un étroit lagon n'offrant donc qu'une faible faune marine. Ce récif est absent au nord-est et au sud-ouest, zones où la côte, ordinairement sous forme de plages de sable, s'élève en falaises,. Celles-ci sont percées de grottes formées par des écoulements anciens d'eau douce, et d'où la nappe phréatique s'épanche encore.	4298	yes	Tout va bien ici.
L'archéologue Michiko Intoh propose à la fin des années 1990 deux hypothèses. La première, qui a la faveur de la scientifique, est un déplacement depuis les îles Yap, à la lueur des vestiges archéologiques, d'un petit groupe humain qui adopte dans un second temps un langage venant de l'est, d'une nature totalement différente de celui de Yap. Une deuxième hypothèse, basée sur l'étude linguistique, propose une provenance depuis l'est du Pacifique des premières populations qui s'intègrent à des réseaux d'échanges avec les îles Yap. La première hypothèse ne convainc pas Paul Rainbird qui, en 2004, remarque que Fais est occupée bien après les îles voisines situées à l'ouest. Il pense que l'arrivée précoce des hommes à Fais tient à ce que la très grande majorité des atolls plus à l'est, qui ne sont occupés que quelques centaines d'années plus tard, n'étaient pas encore suffisamment émergés pour accueillir une population humaine. Quelques années plus tard, en 2011, Michiko Intoh ne propose plus qu'un mouvement humain en provenance de l'est conformément à l'approche linguistique, le mobilier archéologique témoignant des échanges avec l'ouest. Une étude des dermatoglyphes parue en 1972 n'a pas permis de distinguer des autres populations d'Océanie les populations d'Ulithi et de Fais, associées dans un même groupe par les chercheurs car partageant la même langue.	4309	yes	Tout va bien ici.
L'histoire de l'île durant la Seconde Guerre mondiale et le ressenti de la population — interloquée et effrayée — sont connus par un chant composé après la guerre. Durant cette période, Fais est défendue par des forces navales japonaises stationnées sur l'île et un champ de mine est installé sur le plateau. De jeunes hommes sont envoyés sur les îles Yap afin d'y travailler aux défenses contre les bombardements américains. Un sous-marin américain, le USS Drum tire sur les installations japonaises de l'île le 4 juillet 1944. Un contact avec un navire de reconnaissance américain a lieu le 20 décembre 1944. Par la suite, l'île est bombardée par les navires américains et la population ne peut se réfugier que dans des abris de fortune. Des forces armées investissent l'île avec des véhicules amphibies le 1er janvier 1945. Le 4 janvier 1945, les insulaires sont rassemblés devant la maison du chef suprême de l'île pour y assister à la levée du drapeau américain. 	4316	yes	Tout va bien ici.
Le mâle, avec sa longue huppe aux plumes jaune d'or, a donné son nom vernaculaire à l'espèce. Elle descend jusque sur le haut de la nuque, et sur la collerette orange vif et rayée de noir recouvrant le cou. Il peut ébouriffer ces plumes pour la parade nuptiale, comme le feraient les coqs lors de combats. Le haut du dos est vert émeraude, le reste est jaune vif jusqu'au croupion, ainsi que les plumes de la base de la queue. Le reste de la longue queue est marbré de beige et de noir. L'iris est jaune, ainsi que le bec et les pattes.	4398	yes	Tout va bien ici.
Après la mise en place à partir de 2013 d'un régime autoritaire par le président Abdulla Yameen, élu en 2013, et l'invalidation de la candidature de l’ancien président déchu Mohamed Nasheed par la commission électorale, Ibrahim Mohamed Solih est désigné candidat du Parti démocrate pour l'élection présidentielle de 2018. Il est à la tête d'une coalition hétéroclite d'opposition. Celle-ci se compose du PDM, de la faction pro-Gayoom du PPM, du Parti républicain et du Parti de la justice. Solih prend alors Naseem comme colistier. Les médias ne couvrent pas la campagne électorale du binôme d'opposition, de crainte de représailles.	4368	yes	Tout va bien ici.
L'adoption d'enfants est une pratique traditionnelle très répandue sur Fais. Elle s'effectue majoritairement entre membres de la même communauté pour des raisons sociales, politiques et économiques. Les familles proposant des enfants à l'adoption n'ont généralement pas les moyens de tous les nourrir convenablement. Les adoptants sont des couples sans enfants, n'ayant que des garçons ou que des filles et souhaitant varier les sexes puisqu'à chaque sexe sont dévolues des tâches dans les activités de subsistance. Les chefs de village adoptent aussi volontiers car ils ont beaucoup de terrain agricole et ils cherchent des bras. Ces adoptions visent également à détacher l'enfant d'une identification exclusive à sa famille naturelle à laquelle il peut toujours rendre visite du fait de la proximité des habitats. En 1977, D. Rubinstein constate que 92 % des enfants de l'île ont fait l'objet d'une adoption mais que seuls 20 % d'entre eux vivent effectivement dans la bogota de leurs parents adoptifs. Ce chiffre s'élève lorsque le couple n'a pas d'enfants au moment de l'adoption. Ces adoptions traditionnelles n'ont le plus souvent pas d'existence légale. Après son mariage, toutefois, l'époux accompagné de sa famille emménage dans un tiers des cas seulement dans la maison de ses parents adoptifs,.	4341	yes	Tout va bien ici.
L'île compte en 1909 un total de 34 familles, chiffre identique en 2007,. Chacun des trois villages compte dix familles ou plus comprenant de 3  à   15 membres. Les familles, agnatiques et patrilocales, possèdent généralement de trois à cinq bâtiments. Cet ensemble de constructions est désigné par le terme bogota également employé pour nommer la famille et les parcelles de terrain de premier niveau. La famille rassemble plusieurs frères ou agnats, leurs femmes —  qui conservent leurs droits sur l'héritage de leurs parents — et les enfants non mariés,, auxquels peut s'ajouter un parent veuf. Le statut de chaque personne dépend des biens patrilocaux. Avant la colonisation, les familles possédaient des connaissances spécialisées dans un domaine comme les rituels magiques associés à certaines techniques de pêche ou d'agriculture, la construction de canoë, la direction des danses, le tissage du machi. Les familles occupant un rang principal, c'est-à-dire la moitié d'entre elles, devaient chaque année fournir une variété spéciale de machi, le mmul au chef unique de l'île. Celui-ci le déposait sur une étagère aux esprits pendant quatre jours en offrande aux ancêtres avant de le ranger soigneusement.	4340	yes	Tout va bien ici.
Sybile Moulin, dans sa thèse (2003), a étudié la validité de ces sous-espèces par des études morphologiques, génétiques et biogéographiques. D’après les analyses morphologiques, elle distingue trois groupes : celui du nord, nycthemera et fokiensis ; celui du sud, lewisi, annamensis, engelbachi et beli ; un groupe intermédiaire constitué de rufipes, jonesi, occidentalis, ripponi et beaulieui. Elle ne se prononce pas sur omeiensis et rongjiangensis faute d’échantillons. L’analyse moléculaire ne fait ressortir que deux clades : l’un situé à l’est du fleuve rouge (nycthemera, fokiensis, berliozi et whiteheadi), l’autre situé à l’ouest (rufipes, jonesi, occidentalis, ripponi, beaulieui, lewisi, annamensis et engelbachi). Les autres formes n’ont pas été analysées faute d’échantillons utilisables. Finalement, elle ne conserve que les sous-espèces nycthemera (incluant nycthemera et fokiensis) ; rufipes (regroupant rufipes, jonesi, ripponi, beaulieui, occidentalis) ; annamensis (incluant annamensis et engelbachi) ; et whiteheadi. Elle garde également beli, rongjiangensis et omeiensis, au bénéfice du doute, faute d’échantillons suffisants.	4372	yes	Tout va bien ici.
Le Père Renauld, missionnaire français en Annam, découvrit cette espèce en 1895 dans les montagnes de la province de Quang Tri, à une trentaine de kilomètres au nord-ouest de Huê au Viêt Nam. Il envoya quatre spécimens naturalisés au muséum de Paris d’après lesquels Oustalet fit sa description. Vingt huit années s’écoulèrent avant que l’on entende reparler de ce faisan et aucun spécimen vivant ne fut importé jusqu’en 1924 quand Jean Delacour en ramena 15 exemplaires de sa première expédition en Indochine. Sur ces quinze spécimens, Delacour garda quatre mâles et trois femelles à Clères, tous les autres étant des coqs qu’il offrit à différents jardins zoologiques et à des amis. Les années suivantes, d’autres spécimens furent capturés vivants ou mis en peau sur place. Les uns furent ramenés en Europe ou envoyés chez des amis de Delacour, les autres rejoignirent les muséums de Paris et Londres. Ces importations ont été étudiées en détail par Ciarpaglini et Hennache (1997) puis par Hennache et Dickinson (2000). Lors de la deuxième expédition, Delacour n’a obtenu que sept mâles qui furent tous mis en peau mais, en avril 1926 au cours d’un voyage au Japon, il offrit à Taka-Tsukasa deux mâles et une femelle (des volières de Pierre Jabouille au Viêt Nam), ces oiseaux firent souche l’année suivante. Il fallut attendre la quatrième expédition pour que des faisans d’Edwards vivants arrivent à nouveau en Europe. Aucun faisan d’Edwards ne fut capturé lors de la cinquième expédition. Les sixième et septième expéditions de Delacour ne permirent pas non plus de ramener d’autres oiseaux vivants. La seconde guerre mondiale et les combats qui sévirent au Viêt Nam ont empêché toute recherche du faisan d’Edwards. L’usage de défoliants et la déforestation liée à l’agriculture ont réduit la forêt originelle à des lambeaux si bien qu’entre 1988 et 1992, BirdLife organisa plusieurs expéditions pour retrouver l’espèce mais en vain. En 1992, au congrès de Lahore, le faisan d’Edwards fut déclaré probablement éteint mais quelques exemplaires furent découverts de façon épisodique jusqu’en 2000.	4373	yes	Tout va bien ici.
Une piste d’atterrissage construite au début des années 1990 permet l'accueil de petits avions. L'un d'eux, exploité par une mission protestante locale, la Pacific Missionary Air Service, réalise la liaison entre Ulithi, Fais et les Îles Yap, deux fois par semaine avec deux Beechcraft Queen Air. Ces vols ont pour principale fonction d'assurer le transport vers l'hôpital de Yap de personnes ayant besoin de soins médicaux urgents mais les passagers, jusqu'à huit, et le fret sont possibles. Les tarifs sont cependant trop élevés pour la plupart des familles,,. À partir du 15 février 2018 et toutes les deux semaines, un avion de la Caroline Islands Air assure le trajet Îles Yap-Ulithi-Fais-Îles Yap. Un navire gouvernemental effectue également des voyages mensuels irréguliers permettant l'approvisionnement et quelques exportations,.	4339	yes	Tout va bien ici.
L'étude des restes de poisson, couplée à d'autres sources d'informations, amènent Rintaro Ono et Michiko Intoh à proposer une pêche régulière mais peu soutenue des espèces côtières, du fait de l'environnement récifal limité, et donc une exploitation intensive des espèces en pleine mer, notamment le requin, les Serranidae (dont le mérou) et entre 400 et 800 le thon. Ces trois espèces sont les poissons les plus péchés à Fais depuis les débuts de l'occupation humaine. Après 800, la proportion de thon diminue sans doute pour des raisons climatiques. La pêche du requin et du mérou est beaucoup plus importante que partout ailleurs en Micronésie mais aussi en Polynésie et celle du thon est comparable à celle pratiquée en Polynésie. La taille des poissons indique une prédominance du requin et du thon comme source de protéine. Dans des niveaux datés entre 1300 et 1800, les coquilles consommées ou collectées dans des inhumations indiquent un ramassage autour des récifs de corail.	4313	yes	Tout va bien ici.
Au début des années 2000, moins de 25 femmes de Fais, surtout des femmes de 40 ans et plus, savent encore tisser le machi. Aucune femme de moins de 30 ans ne sait le réaliser et n'en comprend la signification culturelle. Les causes de cette perte de savoir-faire sont pour D. Rubinstein et S. Limol les influences modernisatrices, en particulier la scolarisation occidentale, l'économie salariale et la migration urbaine. Pour les femmes de Fais encore détentrices de ce savoir, elles seraient le manque de discipline perçu chez les jeunes femmes, leur manque d'intérêt pour la tradition et l'abandon par la communauté de Fais de la coutume d'avoir des femmes dans les grandes maisons menstruelles pendant leurs périodes et après l'accouchement. Un projet de relance et de sauvegarde de cet artisanat a été initié en 2001 à l'instigation notamment de S. Limol, originaire de Fais, dirigeant d'entreprise et avec l'appui financier du Workforce lnvestment Act (WIA) à Yap financé par les États-Unis. Il a pu être mené à bien après accord des femmes de Fais, des chefs traditionnels du Conseil de Tamol et malgré la résistance de certains hommes pour des raisons de traditionalisme idiosyncratique, d'opposition à la méthode d'enseignement hors du cadre familial, à la transmission de ce savoir-faire jugé comme appartenant à Fais à des femmes d'autres communautés et à la monétarisation de ce patrimoine très chargé symboliquement. Le chef suprême de Fais a fourni en 2003 un terrain bordant l'école élémentaire de l'île pour la construction d'un bâtiment traditionnel en chaume, érigé par les habitants de l'île, pour loger l'école de machi. Les premières étudiantes ont été diplômées en 2004.	4338	yes	Tout va bien ici.
En réalité, on comprend à la lecture des archives que le faisandier gère les deux types de faisans : il observe certes les couples sauvages dans le bois attenant le pavillon, mais il entretient une volière dans un biotope adéquat entouré d’un mur de pierres sèches de plus de 2,5 m de hauteur. Pour l'élevage des faisans, on a aménagé dans le parc un enclos spécial avec la « maisonnette » du faisandier. L'enclos mesurait 120 m de long et 100 m de large. À côté de cette maison il y avait des champs de céréales qui n'étaient pas toujours moissonnés  afin de permettre aux faisans, perdrix, pintades de manger les grains qui tombaient. Des traqueurs et du tireur faisaient la chasse aux prédateurs dont on rapportait les pattes et la queue à la chambre des comptes à Saverne. En 1730, on pouvait atteindre plus de 800 faisandeaux à l'intérieur de la faisanderie. Le président de la chambre des comptes de Saverne signale que les faisandeaux  à l'extérieur de la faisanderie sont plus robustes que ceux du dedans.	4426	yes	Tout va bien ici.
La parade nuptiale comporte trois types différents de postures qui ne semblent pas s’enchaîner dans un ordre précis. Dans le cas le plus courant, le mâle, caroncules déployées, incline l’aile située du côté de la femelle et relève l’aile opposée, exhibant à la femelle son dos et ses épaules colorés. Ainsi paré, il se déplace en cercles autour de la femelle en criant. Cette parade est rare chez les Lophura, le faisan de Swinhoe étant la seule espèce à la pratiquer régulièrement. Dans une deuxième attitude, typique des Lophura, le mâle dilate amplement ses caroncules rouges dont le lobe supérieur dépasse largement le sommet de la tête, hérisse ostensiblement sa huppe blanche, déploie sa queue en éventail, dresse la tête et danse avec exubérance autour de la femelle tout en faisant vibrer ses ailes et en émettant un cri aigu et prolongé. Dans la troisième posture, le mâle se tient debout près de la femelle couchée, caroncules dilatées, huppe érigée, plumes du cou gonflées tout en battant des ailes en émettant des cris.	4393	yes	Tout va bien ici.
Les îles Carolines sont sous domination espagnole du XVIe siècle jusqu'à la fin du XIXe siècle, mais la plupart des communautés des îles de l'actuel État de Yap n'ont que peu de contacts avec les Européens et vivent en toute indépendance. En 1885, à la suite d'un conflit entre l'Espagne et l'Allemagne, l'arbitrage de Léon XIII en confirme la possession à l'Espagne contre des avantages commerciaux pour l'Allemagne. Celle-ci acquiert ces îles en 1899 et les intègrent à la Nouvelle-Guinée allemande,. Au début de la première guerre mondiale, en 1914, l'Empire du Japon occupe la zone. Cette occupation est légalisée dans le cadre du Mandat des îles du Pacifique créé en 1919 par la Société des Nations. Le phosphate de l'île est exploité par les japonais entre 1937 et 1944.	4315	yes	Tout va bien ici.
L'utilisation du boost et des attaques est differente selon les opus successifs. Les episodes puristes (F-Zero, F-Zero Grand Prix 2 ou BS F-Zero et F-Zero Maximum Velocity) permettent de booster une seule fois par tour effectue. Lors de l'enclenchement du boost le vaisseau depasse sa vitesse maximale normale pendant 5 secondes puis ralentit. Tous les autres episodes permettent de booster a volonte des le debut du deuxieme tour. Le boost est alors une franche acceleration de courte duree. Toutefois chaque coup de boost entame la barre d'energie. Celle-ci peut alors se recharger en pilotant dans les zones de recharges qui sont signifiees par des barres colorees se trouvant sur le circuit.	27	yes	Tout va bien ici.
Le faisan du Viêt Nam est découvert en 1964, et Vo Quy le décrit en 1975 sous le nom scientifique Lophura hatinhensis. Il est alors reconnu comme une espèce propre par la communauté scientifique, quoique parfois traité comme sous-espèce du Faisan d'Edwards Lophura edwardsi hatinhensis (del Hoyo et al. 1994). La validité du taxon est remise en cause dans les années 2000 (Madge & McGowan 2002, Hennache & Ottaviani 2005). De nombreux avis divergents sur leur taxinomie apparaissent. Certains ornithologues pensent qu'il pourrait s'agir d'un hybride, d'une sous-espèce ou d'un mutant génétique du Faisan d'Edwards.	4405	yes	Tout va bien ici.
Le faisan de Swinhoe partage son île avec le faisan mikado (Syrmaticus mikado), la torquéole de Formose (Arborophila crudigularis) et le faisan de Colchide (Phasianus colchicus formosanus) mais n’entre pas en compétition interspécifique directe avec eux. Comme le rapporte Severinghaus (1980), il existe même un phénomène de commensalisme entre le faisan de Swinhoe et la torquéole de Formose, tandis que la perdrix gratte la litière avec les pattes, le faisan  la suit et creuse le sol meuble avec le bec. Severinghaus (1980, 1996) ajoute que le furet (Melogale moschata) représente probablement le plus grand prédateur mammalien et qu’un autour huppé (Accipiter trivirgatus) a été observé en train de dévorer une femelle de faisan de Swinhoe.	4394	yes	Tout va bien ici.
Jacques Canetti, de retour des États-Unis avec Michel Legrand au début des années 1950, fait découvrir le rock à Boris Vian, qui commence à écrire des chansons dans le même genre. Dans une note technique, il en retient deux aspects : « un aspect sensuel, pour ne pas dire érotique, et un aspect comique. » C'est pourtant ce second aspect, moins important, qu'il privilégie, car « le côté exutoire du rock'n roll n'a pas de raison d'être en France, où le public n'est pas paralysé par le puritanisme au même degré [qu'aux États-Unis]. »	4289	yes	Tout va bien ici.
La ville a été parfois touchée par des attentats à la bombe dans le cadre du conflit armé du Nord-Ouest du Pakistan qui a conduit à la recrudescence des attentats dans le pays, surtout depuis 2007. La ville de Faisalabad est relativement peu touchée en comparaison des autres grandes villes du pays. L'attaque la plus violente a lieu le 8 mars 2011 et coûte la vie à près de trente personnes. L'attaque visait une station essence située près de bâtiments de l'administration. Ces derniers n'ont pas été touchés mais l'explosion a provoqué d'importants dégâts, notamment à des locaux de la Pakistan International Airlines.	4371	yes	Tout va bien ici.
Depuis  1719, la Faisanderie devint un  parc de chasse qui n’a pas été créé ex nihilo pour les princes-évêques  résidant au château de Saverne. Il existait déjà auparavant le domaine de chasse désignée en langue allemande par « Tiergarten »,  terme qu’on connaît davantage pour le parc au centre même de Berlin. Le 8 juin 1718, le cardinal Armand-Gaston-Maximilien de Rohan promulgua un règlement de chasse pour cette domaine giboyeux afin d’annuler les permissions de chasse sur les terres de l’évêché de Strasbourg dont certains chasseurs auraient abusé auparavant. Ce ne fut pas la fin des permissions spéciales pour chasser dans le bois de la Faisanderie, cela revint  à redémarrer une nouvelle phase où le cardinal se réserva d’abord  le droit d’accorder de nouvelles permissions et finança ensuite une équipe de garde-chasses pour verbaliser les contrevenants, appréhender les braconniers ou détruire les pièges posés par ceux-ci. En dehors des garde-chasses, le cardinal fit appel à des garenniers et  des faisandiers. Des territoires de chasse étaient aménagés à proximité directe du château. En 1716, Armand Gaston de Rohan avait fait aménager une garenne en contrebas du château du Haut-Barr destinée à l’élevage des lapins ; il reste aujourd’hui encore  des vestiges de cette garenne entourée d’un mur. Une partie de la forêt de la Monsau, à l’est du château épiscopal, fut attribuée à l’élevage et à la chasse des faisans. Le parc de la Faisanderie sera complètement entouré d’un mur à partir de 1730 et sa surface totale intra-muros atteignait environ 350 ha . Dès qu’une chasse était annoncée, garenniers et faisandiers lâchaient lapins et faisans pour être sûr que le gibier ne manquerait pas quand les invités de marque du cardinal arriveraient dans les bois pour les plaisirs cynégétiques très en vogue à l’époque. À partir 4 août 1789, le droit de chasse aristocratique fut supprimé. Il faudra attendre la loi du 3 mai 1844 pour que le braconnage soit réprimé et les nouveaux règlements de chasse soit promulgués en fonction du droit de propriété.	4424	yes	Tout va bien ici.
,,,,,,,,,,??????????????????????????????????????????????????????????	0	no	Le texte illisible.
L'idee de la serie a ete inspiree a F'murr par un berger qu'il avait eu l'occasion d'observer lors d'un sejour chez sa s?ur, dans les Alpes, qui l'avait marque parce qu'il « ne se foulait guere et que son chien faisait tout le boulot pour lui ». \displaystyle$$Peu a peu, F'murr se desinteresse du rapport de force existant entre le chien, les brebis et le vieux berger, lequel est de moins en moins present et fini par disparaitre completement au profit d'Athanase, son jeune remplacant, pour se concentrer sur Athanase et Romuald. \displaystyle\displaystyleF'murr a toujours a c?ur de renouveler sans cesse la serie pour eviter la routine  et surprendre constamment le lecteur.	1	no	"Le texte contient des insertions incorrectes: ""\displaystyle"" et ""$$"""
En 1976, Jean-Pierre Dionnet propose a F'murr de travailler pour Metal Hurlant dont il est le redacteur en chef, en lui demandant une serie de science-fiction. F'murr realise tout d'abord un episode de 4 planches intitule Une aventure de Ludovic Gasteropode : les pieds sur l’estomac, dans lequel interviennent des extra-terrestres, puis un second episode dans lequel il introduit le personnage de Jeanne d'Arc, ce qui provoque un derapage de la serie « dans une toute autre direction », la chute de chaque recit devant amener Jehanne sur le bucher. Ainsi nait la serie Jehanne d'Arc, qui connait quelques recits de 2 pages chacun en 1976 et 1977. Alors que des changements interviennent dans la direction de Metal hurlant, F'murr est sollicite par la redaction du nouveau mensuel (A suivre&#11036;&#11027;), auquel il propose Jehanne d'Arc (orthographiee Jehanne d'Arque&#11023;&#11098;), realisant ainsi sa premiere histoire longue, pour laquelle il reutilise les recits deja existant en les reliant entre eux, qui est publiee en album par Casterman dans la collection Les Romans (A suivre) en 1980 sous le titre Jehanne au pied du mur. Une suite, consacree a Timofort, le fils de Jehanne, est publiee en 1985 sous le titre Tim Galere.	2	no	"Le texte contient des insertions incorrectes: ""&#11036;&#11027;"" et ""&#11023;&#11098;"""
Un personnage secondaire du Genie des alpages, Naphtalene (dont Thierry Groensteen note que son costum - jean et pull-over - rappelait celui dde Gaston Lagaffe), beneficie de sa propre serie ephemere, creee en 1974 pour Pilote alors que le magazine, a l'origine hebdomadaire, devient mensuel, afin d'alterner les recits de cette nouvelle serie, en cinq ou six planches, avec ceux du Genie des alpages. Selon F'murr, Guy Vidal, le redacteur en chef, ne comprenait pas la serie et a mis de cote la derniere histoire pendant un an, ce qui l'a amene a l'abandonner. Quelques annees plus tard, F'murr entame une longue histoire en 80 planches destinee au mensuel (A suivre) qu'il abandonne apres en avoir dessine les 11 premieres planches poure realiser Jehanne d’Arc. Lesss planches de Naphtalene sont reprises dans l'album Tartine de clous, avec d'autres recits divers, en 1981.	3	no	"Le texte contient des erreurs grammaticales: ""costum"", ""dde"", ""poure"", ""Lesss""."
En 1976, F'murr collabore episodiquement a Fluide glacial ou il publie quelques gags de Robin des boites (intitule initialement F'Robin F'des F'Bois) qui sont repris en album, completes par des inedits, en 1985 aux editions Futuropolis puis reedites sous le titre Robin des Pois a Sherwood en 2011, ????????>>???????????????, serie initialement creee dans Le Canard sauvage, qui sont repris en album en 1980 aux editions Futuropolis, ainsi qu'au magazine Ah ! Nana dans le no 3 duquel il publie le recit complet L'Pere Raoul et Niace Podouce sur scenario d'Evane Hanska en 1977.	4	no	Une partie du texte est illisible.
Les representants de SM Entertainment declarent: 	5	no	Le texte n'est pas terminé (cela peut être compris par le sens).
Le 17 juillet 2013, un preview video de Pink Tape est publiee sur la chaine YouTube de SM Entertainment, marquant le retour du groupe. La video teaser presente un apercu de Shadow, dont les paroles sont ecrites par les membres du groupe. Le 21 juillet, des photos teasers individuelles sont devoilees. Le 22 juillet, le teaser de Rum Pum Pum Pum est mis en ligne par SM Entertainment, suivi deux jours plus tard du clip officiel le 24 juillet. Leur deuxieme album Pink Tape est publie le 29 juillet, compose de douze titres et du single-titre Rum Pum Pum Pum. L'album atteint la premiere place de plusieurs classements musicaux incluant Soribada, Mnet, Melon, Bugs, Olleh, Naver, Daum, Monkey3 ou encore Cyworld. Le 25 juillet, f(x) commence les  	6	no	Le texte n'est pas terminé (cela peut être compris par le sens).
Le troisieme album studio des f(x), Red Light, est publie le 7 juillet 2014, constitue de deux versions : type A (Sleepy Cats) et du type B (Wild Cats). Lors de sa sortie, l'album et le single Red Light ont domine pas moins de huit classements musicaux en Coree du Sud tels que : MelOn, Bugs, Genie, Naver Music et bien d’autres. Outre le premier titre, d'autres titres comme Milk, All Night, Butterfly, Rainbow et Dracula se sont classes dans le top 10 des classements en temps reel. Red Light est du.	7	no	Le texte n'est pas terminé (cela peut être compris par le sens).
このテキストは日本語で書かれています。	8	no	Le texte n'est pas rédigé en français (il peut être considéré comme illisible).
Le 30 mai 2015, SM Entertainment annonce que le groupe publiera son premier single japonais intitule Summer Special Pinocchio / Hot Summer, le 22 juillet 2015. Le single contiendra Pinocchio et Hot Summer et ne devrait pas avoir de nouvelles chansons,. Toutefois, le DVD contiendra les clips videos de ces deux chansons. Lors de l’evenement tenu a Osaka, pour la sortie du single, seules Krystal, Luna et Amber etaient presentes,. Victoria etait absente due a sa sante, ses ac. 	9	no	Le texte n'est pas terminé (cela peut être compris par le sens).
Les photos teasers de Victoria sont exposees le 21 octobre, celles de Luna ■■■■■■■■■■■■■■■■■■■■■■■■■■■■■■■■■■■■■■■■■■■■■■■■■■■■■■■■■■■■■■■■■■■■■■■■■■■■■■■■■■■■■■■■■■■■■■■■■■■■■■■■■■■■■■■■ des photos individuelles de haute qualite ont ete postees sur le site officiel du groupe. Le 25 octobre, un teaser du clip et diverses photos de groupe ont ete affichees sur le site officiel des f(x).  Le 26 octobre, des extraits des titres de l'album sont mis en ligne sur l'Instagram officiel du groupe, et le clip complet de 4 WALLS est poste sur la chaine YouTube officielle de la SM Entertainment. Le 27 octobre, le clip officiel de 4 Walls a plus de 1 978 673 vues sur YouTube,.	10	no	Une partie du texte est illisible.
F-117A Nighthawk Stealth Fighter 2.0 est un jeu video de simulation de vol de combat concu par Jeff Briggs et publie par MicroProse en 1991 sur IBM PC, puis porte Amiga, Mac OS et PC-98. Le jeu fait suite a Project Stealth Fighter et a son remake F-19 Stealth Fighter, publie par MicroProse respectivement en 1987 et 1988. Comme ses predefgacesseurs, il se deroule dans le contexte de la guerrreee froideee et met le joueur aux commandes d’un avion furtif au cours de missions se deroulant dans differentes regions du monde, dont la Colombie, le Panama, le Japon et l’Irak. Par rapport a ses predecesseurs, il beneficie de nouveaux graphismes plus detailles, notammmention dans la representation des villes et du relief. Les missions sont en revanche identiques a celles proposes dans F-19 Stealth Fighter.	11	no	"Le texte contient des erreurs grammaticales: ""predefgacesseurs"", ""guerrreee"", ""froideee"", ""notammmention""."
F-15 Strike Eagle est un jeu video de simulation de vol de combat cree par Sid Meier et Grant Irani et publie par MicroProse en 1984 sur borne d'arcade, Amstrad CPC, Apple II, Atari 8-bit, Atari ST, C64, IBM PC, MSX, NES, PC-88, ZX Spectrum, Game Gear, Game Boy et Thomson TO. Le joueur y pilote un avion de chasse McDonnell Douglas F-15 Eagle au cours de sept missions de combat. Six d’entre elles sont basees sur des evenements historiques et la derniere, hypothetique, prend place dans le golfe Persique en 1984. Le joueur controle son avion par l’intermediaire d’une vue a la premiere personne du cockpit de l’avion et d’un affichage tete haute. Ce dernier inclut une carte de navigation sur laquelle est affichee la position de l’avion et de la base du joueur, ainsi que celle des ennemis. La vue du cockpit affiche l’environnement en trois dimensions et les ennemis, que ce soit dans les airs ou au sol. Le joueur controle son avion au joystick,,,,.	12	no	"Le texte contient une insertion de ponctuation incorrecte: "",,,,""."
F-19 Stealth Fighter est un jeu video de simulation de vol de combat concu par Sid Meier et Andy Hollis et publie par MicroProse en 1988 sur IBM PC puis porte en 1990 sur Amiga et Atari ST. Le jeu est un remake de Project Stealth Fighter, publie par MicroProse sur Commodore 64 et ZX Spectrum en 1987,./.,,. Le joueur y pilote un avion de chasse fictif de l’armee des Etats-Unis au cours de missions se deroulant en Libye, dans le golfe Persique, en Norvege et en Europe centrale dans le contexte de la guerre froide. A sa sortie, il est acclame par la presse specialisee,. Il a beneficie d’une suite, F-117A Nighthawk Stealth Fighter 2.0, publiee en 1991.	13	no	"Le texte contient une insertion de ponctuation incorrecte: "",./.,,""."
